Domain Name,Domain Type,Agency,Organization,City,State,Security Contact Email
ABERDEENMD.GOV,City,Non-Federal Agency,City of Aberdeen,Aberdeen,MD,(blank)
ABERDEENWA.GOV,City,Non-Federal Agency,City of Aberdeen,Aberdeen,WA,(blank)
ABILENETX.GOV,City,Non-Federal Agency,City of Abilene,Abilene,TX,bobvw@abilenetx.gov
ABINGDON-VA.GOV,City,Non-Federal Agency,Town of Abingdon,Abingdon,VA,(blank)
ABINGTONMA.GOV,City,Non-Federal Agency,Town of Abington,Abington,MA,wnorling@abingtonma.gov
ABINGTONPA.GOV,City,Non-Federal Agency,Abington Township,Abington,PA,(blank)
ABITASPRINGSLA.GOV,City,Non-Federal Agency,Town Of Abita Springs,Abita Springs,LA,support@townofabitasprings.com
ABSECONNJ.GOV,City,Non-Federal Agency,City of Absecon,Absecon,NJ,(blank)
ACCESSPRINCETONNJ.GOV,City,Non-Federal Agency,Princeton,Princeton,NJ,(blank)
ACTON-MA.GOV,City,Non-Federal Agency,"Town of Acton, Massachusetts",Acton,MA,mhald@actonma.gov
